AppointmentID,PatientID,Date,DoctorID,Time
3095314,1014005,2012-06-04,1,09:45
3090605,1536843,2021-03-02,2,10:30
3077209,1241448,2019-10-26,3,11:15
3832057,1034605,2015-12-18,4,14:00
3030738,1740987,2023-04-13,5,15:30
3311375,1264569,2023-08-25,6,16:45
3602795,1285814,2022-05-01,7,12:00
3159471,1815432,2024-02-04,8,13:30
3413793,1416113,2014-05-26,9,17:00
3385826,1208457,2015-06-22,10,09:30
3561024,1425481,2014-06-27,11,11:00
3130813,1267555,2011-08-25,12,14:15
3760325,1675821,2011-02-14,13,15:45
3794284,1868240,2013-01-12,14,16:30
3432804,1768451,2020-11-24,15,17:15
3393561,1495556,2021-07-11,16,
3026584,1575872,2023-02-07,17,
3860201,1887078,2014-11-21,18,
3104175,1158175,2023-12-03,19,
3874860,1583601,2014-05-14,20,
3755513,1571874,2013-11-01,21,
3567846,1781757,2015-01-21,22,
3591574,1842600,2018-06-09,23,
3238276,1585540,2022-10-01,24,
3110393,1235086,2010-05-03,25,
3721548,1063547,2023-06-29,26,
3070995,1336287,2017-11-16,27,
3597945,1569110,2023-09-05,28,
3687064,1654885,2024-07-14,29,
3515085,1167932,2013-07-06,30,
3612978,1782852,2010-12-28,31,
3818382,1908884,2022-11-22,32,
3258439,1647606,2018-11-22,33,
3839920,1198310,2013-02-02,34,
3787645,1807666,2015-07-28,35,
3884801,1132522,2023-09-27,36,
3644578,1014705,2013-06-29,37,
3302652,1401048,2022-03-26,38,
3046534,1951298,2022-06-25,39,
3113321,1301930,2011-01-13,40,
3327115,1154691,2022-01-25,41,
3305929,1615644,2015-10-02,42,
3460928,1700885,2011-08-06,43,
3449466,1514615,2010-07-16,44,
3779334,1396941,2014-11-14,45,
3091881,1576173,2015-06-14,46,
3283578,1904666,2022-11-14,47,
3152824,1135344,2014-04-04,48,
3814191,1636816,2014-06-24,49,
3053055,1414173,2020-05-16,50,
3841546,1797248,2018-02-19,51,
3699333,1360037,2010-12-17,52,
3585732,1435750,2015-10-16,53,
3129763,1515023,2015-07-22,54,
3702293,1164447,2016-06-22,55,
3545743,1318540,2019-09-22,56,
3160996,1906727,2020-06-02,57,
3204957,1625645,2019-01-29,58,
3014667,1672186,2016-03-14,59,
3605698,1803170,2024-11-13,60,
3910475,1098742,2022-09-14,61,
3938772,1996401,2023-02-17,62,
3792196,1153868,2014-10-31,63,
3033611,1484091,2015-07-29,64,
3733339,1200038,2017-07-05,65,
3939319,1878728,2011-09-01,66,
3066074,1084123,2012-01-19,67,
3234456,1511835,2021-10-01,68,
3938629,1004872,2010-10-02,69,
3543921,1066463,2019-03-29,70,
3429667,1111832,2018-03-05,71,
3969092,1469245,2010-10-30,72,
3082333,1121207,2022-03-27,73,
3107139,1829716,2010-05-19,74,
3319636,1905849,2012-11-18,75,
3364597,1513568,2020-05-22,76,
3118692,1502679,2016-04-10,77,
3836619,1390502,2018-02-22,78,
3909062,1201887,2011-09-10,79,
3061702,1528915,2022-04-15,80,
3193786,1540613,2022-05-26,81,
3951375,1047643,2019-01-11,82,
3231947,1731469,2014-11-06,83,
3880325,1287579,2015-10-06,84,
3245281,1293567,2014-02-10,85,
3057939,1843377,2021-11-07,86,
3035701,1311914,2012-12-21,87,
3168960,1291903,2020-12-12,88,
3013765,1817786,2015-04-12,89,
3335499,1678580,2024-03-12,90,
3058338,1575811,2021-12-26,91,
3009130,1248772,2021-11-15,92,
3664353,1340346,2024-10-23,93,
3919887,1298859,2017-12-29,94,
3806357,1157499,2017-07-19,95,
3439082,1740906,2020-08-03,96,
3295600,1495592,2016-08-22,97,
3649905,1648865,2018-09-09,98,
3267153,1217595,2014-12-24,99,
3972470,1131416,2021-10-02,100,
3338042,1488511,2020-11-09,101,
3282280,1809690,2020-04-14,102,
3067508,1928860,2024-08-27,103,
3761717,1127109,2012-11-09,104,
3730744,1406410,2010-12-17,105,
3626617,1023627,2011-03-16,106,
3108407,1600910,2011-01-06,107,
3578137,1079673,2018-02-11,108,
3349635,1307663,2017-12-25,109,
3335021,1020838,2010-04-10,110,
3744793,1355171,2024-04-17,111,
3582202,1961605,2021-11-21,112,
3949817,1981744,2019-01-16,113,
3300976,1806543,2018-05-07,114,
3609901,1153212,2020-08-26,115,
3510844,1243800,2023-12-26,116,
3651544,1606690,2011-03-22,117,
3036374,1963199,2023-04-06,118,
3893839,1977272,2010-04-10,119,
3679086,1617600,2011-03-31,120,
3903561,1473575,2017-12-23,121,
3782444,1389306,2024-01-23,122,
3189535,1662727,2014-07-23,123,
3911197,1206451,2022-06-09,124,
3620624,1673218,2015-03-20,125,
3168190,1944702,2020-05-17,126,
3420091,1450893,2020-03-06,127,
3758663,1474020,2023-11-04,128,
3078987,1820440,2017-11-16,129,
3074847,1025220,2023-12-09,130,
3655056,1515888,2010-07-07,131,
3384824,1313117,2015-02-25,132,
3743882,1053301,2024-08-23,133,
3627787,1988696,2020-11-07,134,
3585900,1167244,2017-10-26,135,
3915436,1131833,2015-09-12,136,
3178657,1157556,2024-03-17,137,
3190161,1800412,2018-10-29,138,
3212697,1339593,2011-02-26,139,
3704082,1676880,2019-01-30,140,
3459238,1262259,2015-07-17,141,
3376939,1556881,2017-05-05,142,
3442086,1478591,2014-12-22,143,
3971517,1270314,2011-01-06,144,
3616092,1188752,2018-01-16,145,
3630879,1067326,2024-05-18,146,
3392292,1283589,2021-04-06,147,
3197602,1373096,2010-07-03,148,
3888275,1461843,2020-08-24,149,
3291371,1330982,2012-11-09,150,
3632912,1208097,2021-09-23,151,
3239103,1644397,2018-10-07,152,
3914230,1986159,2018-03-22,153,
3346604,1880808,2021-02-16,154,
3622356,1865491,2012-09-17,155,
3689207,1428294,2024-12-08,156,
3780191,1675804,2020-05-19,157,
3637594,1514291,2023-09-29,158,
3309376,1963317,2013-05-18,159,
3809237,1013219,2023-03-09,160,
3563618,1391821,2017-04-15,161,
3186351,1416490,2014-03-18,162,
3343252,1024360,2023-10-10,163,
3260648,1931833,2012-04-14,164,
3802736,1967763,2015-11-18,165,
3506971,1104901,2019-05-09,166,
3136205,1748549,2022-01-29,167,
3017237,1878707,2014-06-17,168,
3195843,1417486,2011-05-14,169,
3774497,1165490,2020-10-09,170,
3015537,1683897,2015-09-13,171,
3724797,1156373,2015-07-11,172,
3872092,1933571,2019-04-19,173,
3237335,1313128,2017-09-03,174,
3624610,1268038,2021-01-22,175,
3848805,1140087,2011-01-23,176,
3149185,1387352,2014-02-04,177,
3897453,1980698,2023-01-07,178,
3872466,1287834,2019-03-27,179,
3067138,1655658,2022-08-11,180,
3810319,1303154,2019-07-14,181,
3267250,1798122,2022-01-31,182,
3762295,1644215,2013-02-24,183,
3250244,1849949,2015-10-01,184,
3734260,1052775,2013-05-24,185,
3549140,1399233,2020-10-30,186,
3569720,1798870,2022-03-05,187,
3855273,1712294,2022-06-27,188,
3468454,1856722,2018-05-03,189,
3507996,1825938,2021-01-14,190,
3499628,1735346,2019-05-07,191,
3327814,1928066,2023-09-03,192,
3480995,1475090,2022-08-01,193,
3948375,1080490,2020-05-05,194,
3690569,1883804,2015-01-04,195,
3859727,1519243,2015-12-22,196,
3551077,1578201,2021-06-28,197,
3784487,1855633,2011-11-23,198,
3918426,1843510,2017-11-04,199,
3995204,1761872,2012-11-13,200,
3795459,1214032,2019-12-15,201,
3878906,1282806,2015-02-18,202,
3535645,1125876,2016-08-08,203,
3742544,1408990,2011-01-25,204,
3005612,1571366,2011-07-30,205,
3402153,1132979,2011-12-15,206,
3869021,1898574,2024-05-07,207,
3814090,1299038,2019-02-01,208,
3040231,1548640,2023-08-16,209,
3444177,1500854,2014-08-15,210,
3757790,1769484,2010-05-20,211,
3881594,1093235,2023-03-11,212,
3838868,1835047,2022-07-19,213,
3067179,1017995,2021-01-26,214,
3201583,1147424,2015-06-06,215,
3414553,1457585,2024-04-01,216,
3545900,1300426,2017-04-19,217,
3415659,1942671,2018-02-07,218,
3356815,1131044,2012-11-09,219,
3443909,1622885,2017-06-13,220,
3903948,1793507,2016-03-25,221,
3180114,1768508,2021-07-26,222,
3103640,1827987,2015-10-01,223,
3738974,1967721,2019-01-02,224,
3571406,1893512,2014-09-27,225,
3568456,1877474,2013-09-20,226,
3907293,1580675,2022-10-26,227,
3164306,1266189,2015-03-10,228,
3161117,1095995,2011-10-25,229,
3200765,1346239,2021-08-10,230,
3048604,1756700,2018-12-05,231,
3985783,1469203,2021-09-24,232,
3841917,1503714,2010-08-13,233,
3191125,1569929,2024-11-05,234,
3542058,1409675,2017-04-03,235,
3274846,1868547,2012-05-22,236,
3023063,1460946,2012-06-29,237,
3717811,1697502,2019-09-18,238,
3306676,1702635,2018-07-03,239,
3342325,1026010,2022-08-21,240,
3719239,1267634,2017-11-27,241,
3070039,1023308,2010-04-09,242,
3954568,1673723,2024-12-18,243,
3853824,1686827,2020-06-07,244,
3662753,1438896,2010-02-19,245,
3833077,1369805,2024-08-12,246,
3596085,1614985,2021-06-20,247,
3357998,1723763,2020-12-29,248,
3077230,1698762,2015-02-18,249,
3423469,1403792,2024-09-24,250,
3131182,1930187,2022-10-28,251,
3845708,1713189,2014-03-23,252,
3584492,1748558,2010-09-07,253,
3649739,1273987,2015-11-03,254,
3813565,1849676,2020-04-16,255,
3743527,1679203,2015-12-20,256,
3056676,1778065,2021-10-17,257,
3036245,1118627,2013-12-31,258,
3559048,1337947,2012-11-27,259,
3193547,1245948,2020-04-22,260,
3450457,1141738,2013-08-02,261,
3965234,1354774,2013-04-03,262,
3849734,1415804,2023-08-09,263,
3793570,1797514,2018-09-27,264,
3405884,1198345,2010-09-13,265,
3272877,1232304,2017-06-10,266,
3509068,1517780,2018-11-17,267,
3319733,1310431,2018-01-08,268,
3216584,1468036,2013-01-05,269,
3113236,1841012,2021-05-26,270,
3746116,1756973,2010-01-19,271,
3528699,1539308,2014-12-05,272,
3046486,1539259,2020-05-13,273,
3338750,1839715,2012-03-16,274,
3157341,1156018,2021-12-06,275,
3377454,1173943,2023-05-14,276,
3449152,1316496,2010-09-02,277,
3858424,1384924,2023-07-12,278,
3791653,1192296,2011-12-31,279,
3973781,1805242,2012-09-05,280,
3455303,1914918,2013-12-21,281,
3569980,1023202,2023-11-10,282,
3456777,1081178,2018-02-07,283,
3885178,1951192,2020-11-19,284,
3404765,1652678,2023-07-31,285,
3299715,1156954,2015-06-07,286,
3733689,1610164,2023-05-18,287,
3876423,1530309,2018-10-19,288,
3808080,1498770,2015-05-19,289,
3888881,1129006,2023-04-13,290,
3408856,1425048,2016-09-18,291,
3077405,1136414,2017-01-05,292,
3236060,1855530,2022-10-15,293,
3031841,1134224,2023-10-29,294,
3822599,1903935,2011-03-10,295,
3080235,1958262,2023-01-29,296,
3335474,1906517,2016-01-17,297,
3032796,1282771,2010-12-20,298,
3575662,1672483,2015-05-10,299,
3009317,1141179,2018-02-01,300,
3310920,1886138,2024-01-10,301,
3276564,1469810,2011-07-01,302,
3755920,1751096,2021-01-13,303,
3830337,1031698,2022-11-07,304,
3859985,1965083,2018-05-17,305,
3394037,1677690,2023-11-13,306,
3452328,1296441,2016-05-14,307,
3122097,1766435,2017-08-11,308,
3654529,1137105,2020-10-21,309,
3930007,1647851,2022-12-30,310,
3119740,1290412,2015-03-21,311,
3734496,1187718,2015-09-22,312,
3243685,1065120,2015-06-03,313,
3764379,1016040,2021-12-05,314,
3674653,1598397,2024-10-01,315,
3530312,1641899,2023-02-11,316,
3009178,1052086,2022-11-03,317,
3592197,1747728,2023-03-26,318,
3041044,1612334,2017-06-30,319,
3684350,1142909,2019-05-29,320,
3468422,1902643,2015-10-11,321,
3534991,1657528,2012-08-06,322,
3761245,1081873,2021-03-10,323,
3719090,1946095,2018-09-08,324,
3734435,1067318,2020-11-15,325,
3924350,1401456,2011-05-12,326,
3778015,1941876,2013-01-10,327,
3134003,1055851,2015-10-24,328,
3617752,1026091,2018-03-25,329,
3236424,1504328,2014-10-13,330,
3859662,1615616,2019-08-19,331,
3886434,1121872,2020-04-01,332,
3913190,1665887,2018-11-13,333,
3318504,1083653,2019-03-30,334,
3682489,1709888,2022-02-16,335,
3106194,1451995,2019-06-12,336,
3795927,1488299,2011-09-16,337,
3109537,1077969,2021-12-13,338,
3770982,1328529,2015-09-21,339,
3573570,1584156,2017-12-23,340,
3432154,1098292,2018-03-24,341,
3380684,1968510,2016-11-12,342,
3748641,1256536,2019-07-17,343,
3878911,1266865,2013-10-07,344,
3491644,1485736,2022-11-23,345,
3018996,1932437,2012-03-15,346,
3877446,1912706,2011-09-15,347,
3427126,1558098,2020-11-06,348,
3512817,1762431,2019-04-27,349,
3955440,1119283,2020-11-09,350,
3748656,1130455,2016-12-13,351,
3747239,1736639,2020-04-12,352,
3426874,1329915,2021-07-01,353,
3910874,1087026,2018-02-20,354,
3233679,1949481,2012-07-17,355,
3067681,1892268,2023-06-14,356,
3523127,1871110,2017-05-08,357,
3515313,1668354,2015-07-20,358,
3885662,1265858,2012-05-21,359,
3525336,1047839,2017-04-08,360,
3642177,1876600,2015-09-29,361,
3923867,1906052,2010-12-23,362,
3917970,1236000,2010-09-02,363,
3532464,1604865,2023-01-28,364,
3295528,1373616,2014-02-22,365,
3607850,1367131,2010-08-29,366,
3870929,1339982,2010-03-17,367,
3095889,1400782,2019-06-22,368,
3572654,1120146,2024-10-09,369,
3789319,1542669,2022-12-27,370,
3204876,1136327,2018-09-17,371,
3705858,1277372,2023-03-20,372,
3906240,1150331,2015-06-25,373,
3197645,1658267,2013-01-07,374,
3476160,1563690,2012-11-17,375,
3517112,1650270,2019-11-25,376,
3408793,1094458,2018-12-09,377,
3550533,1858060,2015-01-12,378,
3797670,1699554,2016-08-17,379,
3044026,1624006,2019-12-09,380,
3137803,1483432,2024-12-28,381,
3950843,1003884,2011-04-06,382,
3554962,1856038,2012-02-04,383,
3864721,1557341,2021-11-08,384,
3783743,1209931,2018-05-30,385,
3030747,1291848,2023-03-08,386,
3553672,1198130,2022-01-28,387,
3224527,1582294,2020-12-04,388,
3921542,1792065,2013-06-16,389,
3324708,1753805,2023-04-14,390,
3788599,1374375,2015-06-16,391,
3321832,1141722,2017-08-15,392,
3091805,1363192,2016-04-02,393,
3097137,1664564,2014-01-21,394,
3570513,1933896,2023-04-19,395,
3539380,1011017,2023-10-06,396,
3605576,1827184,2021-04-11,397,
3326206,1779504,2011-04-10,398,
3854054,1086913,2011-04-25,399,
3383028,1776412,2018-03-18,400,
3933358,1820080,2014-01-31,401,
3081789,1580869,2020-07-25,402,
3706566,1923378,2018-10-18,403,
3057225,1151217,2012-11-10,404,
3488606,1811736,2010-04-05,405,
3672893,1411312,2010-11-29,406,
3715236,1722987,2015-03-26,407,
3359664,1039765,2019-03-07,408,
3078393,1426203,2023-07-22,409,
3109340,1819993,2016-05-15,410,
3372260,1401190,2019-03-16,411,
3583052,1455218,2011-07-29,412,
3992215,1180115,2015-02-02,413,
3144408,1469216,2023-01-17,414,
3391046,1119271,2021-11-15,415,
3849348,1086939,2021-07-25,416,
3872447,1263406,2024-04-11,417,
3052311,1760407,2023-06-10,418,
3322023,1000638,2020-02-27,419,
3518443,1846840,2013-04-21,420,
3216784,1321898,2017-12-05,421,
3096388,1624581,2011-01-16,422,
3941051,1488462,2011-06-25,423,
3156341,1954700,2017-08-19,424,
3337163,1191394,2017-05-06,425,
3426805,1134425,2018-10-21,426,
3299876,1942609,2020-07-03,427,
3648976,1770065,2010-11-25,428,
3003871,1547822,2013-07-19,429,
3354713,1409418,2019-01-13,430,
3281378,1628546,2010-11-18,431,
3410575,1501572,2015-02-28,432,
3533008,1609307,2020-03-17,433,
3437181,1570506,2023-12-11,434,
3997132,1324243,2019-06-17,435,
3674915,1838366,2021-08-19,436,
3181563,1620872,2010-07-02,437,
3651333,1279232,2010-08-26,438,
3027372,1165070,2021-09-24,439,
3745414,1836932,2012-09-08,440,
3871662,1140047,2012-02-20,441,
3980369,1943133,2024-07-30,442,
3525993,1907045,2010-11-24,443,
3225807,1504763,2013-03-28,444,
3892013,1010984,2014-11-04,445,
3854422,1640438,2014-12-29,446,
3624157,1250286,2018-08-25,447,
3443931,1920227,2011-05-07,448,
3062166,1860805,2012-01-06,449,
3449416,1864361,2016-02-10,450,
3167443,1381434,2017-02-20,451,
3546165,1453967,2018-11-04,452,
3767161,1089661,2022-06-01,453,
3275999,1567402,2012-10-29,454,
3094082,1919819,2022-06-13,455,
3573623,1025154,2019-08-31,456,
3382325,1442753,2023-07-30,457,
3010080,1953162,2023-01-25,458,
3606323,1623528,2015-09-12,459,
3711907,1843668,2021-07-09,460,
3215872,1511666,2013-07-25,461,
3295344,1947974,2023-08-16,462,
3906914,1182144,2012-08-05,463,
3038423,1185432,2015-02-09,464,
3811851,1320828,2020-06-12,465,
3967204,1325346,2020-09-28,466,
3589192,1504865,2020-04-29,467,
3669187,1558880,2022-10-14,468,
3405391,1123404,2010-07-16,469,
3163168,1933472,2023-03-30,470,
3887523,1193029,2014-09-13,471,
3484246,1796222,2024-12-15,472,
3951992,1041562,2015-01-26,473,
3449742,1514662,2020-08-26,474,
3227625,1237367,2023-04-11,475,
3303861,1552307,2012-10-31,476,
3321309,1376423,2018-03-19,477,
3864444,1326949,2017-03-15,478,
3157644,1700830,2010-11-29,479,
3917298,1850582,2017-09-24,480,
3466256,1420677,2016-06-04,481,
3525909,1929770,2024-07-31,482,
3287897,1216032,2023-06-25,483,
3660131,1334803,2021-03-27,484,
3396688,1455154,2022-07-21,485,
3586870,1618807,2011-05-29,486,
3909104,1182587,2017-04-30,487,
3280484,1048761,2010-10-17,488,
3789173,1143341,2021-01-06,489,
3037575,1156389,2012-07-12,490,
3731996,1437688,2024-09-29,491,
3096257,1593906,2023-12-03,492,
3579661,1463215,2020-10-19,493,
3040240,1240545,2011-12-31,494,
3027726,1114831,2010-05-23,495,
3013627,1683672,2013-04-21,496,
3201051,1085541,2018-09-26,497,
3868951,1148287,2016-09-26,498,
3912129,1230221,2012-06-03,499,
3825054,1778089,2014-06-18,500,
